modelo,tipo,RMSE,MAPE
mlp,venta,88022681.90921646,0.13950666515287843
