modelo,tipo,RMSE,MAPE
ridge,venta,114336012.09054323,0.1885737009776761
