modelo,tipo,RMSE,MAPE
catboost,arriendo,1191058.6014732772,0.16468854501178548
