modelo,tipo,RMSE,MAPE
ridge,arriendo,1969667.7706817887,0.22628220634602542
