modelo,tipo,RMSE,MAPE
catboost,venta,77907070.9753227,0.11980396043861688
