modelo,tipo,RMSE,MAPE
lightgbm,arriendo,1057481.3829745033,0.1501672515075273
