modelo,tipo,RMSE,MAPE
mlp,arriendo,1449940.191321409,0.19195376145186138
