modelo,tipo,RMSE,MAPE
catboost,arriendo,1156486.6088661319,0.16361911526669165
