modelo,tipo,RMSE,MAPE
ridge,venta,152980981.07203624,0.19442689679389213
