modelo,tipo,RMSE,MAPE
lightgbm,arriendo,1053083.98045832,0.15075559272359895
