modelo,tipo,RMSE,MAPE
catboost,venta,80359681.86740057,0.116458422327645
