modelo,tipo,RMSE,MAPE
ridge,arriendo,1840551.7402054577,0.2272202587918467
