modelo,tipo,RMSE,MAPE
xgboost,venta,110565384.75300518,0.16961138420284522
