,RMSE,MAPE
lightgbm,68713094.85159446,0.09625498736993744
catboost,80359681.86740057,0.116458422327645
xgboost,110565384.75300518,0.16961138420284522
ridge,152980981.07203624,0.19442689679389213
